customer_id,age,income,occupation,gender,marital_status,family_size,residential_area
CUST0000,18,213454.32096621496,Service,M,Single,1,Suburban
CUST0001,46,79040.575628111,Professional,M,Single,1,Suburban
CUST0002,44,53450.79465489054,Self-employed,F,Single,1,Suburban
CUST0003,18,80128.73008770045,Student,M,Single,1,Urban
CUST0004,29,111908.88492773847,Professional,M,Married,5,Suburban
CUST0005,26,65708.80731046155,Service,M,Single,1,Suburban
CUST0006,26,37598.969750025164,Professional,F,Single,1,Rural
CUST0007,18,45052.810154222796,Student,M,Single,1,Urban
CUST0008,27,40633.927930319776,Student,F,Single,1,Rural
CUST0009,42,183694.80023395666,Service,F,Single,1,Urban
CUST0010,65,54673.75846730707,Service,F,Married,5,Suburban
CUST0011,39,61933.36298816705,Self-employed,F,Single,1,Urban
CUST0012,36,94212.80333995214,Service,F,Married,3,Suburban
CUST0013,28,44597.68847379213,Professional,M,Single,1,Urban
CUST0014,27,81978.99743240837,Professional,F,Single,1,Urban
CUST0015,46,63050.35189779175,Professional,M,Single,1,Urban
CUST0016,38,87819.13932389261,Professional,F,Married,5,Urban
CUST0017,27,61755.43227995805,Professional,M,Single,1,Suburban
CUST0018,22,61977.83307999846,Others,F,Single,1,Suburban
CUST0019,33,114771.31767021024,Student,M,Single,1,Rural
CUST0020,28,45929.9042707967,Professional,M,Single,1,Urban
CUST0021,34,84575.56711029078,Professional,F,Single,1,Suburban
CUST0022,32,102053.39093940792,Professional,F,Single,1,Suburban
CUST0023,39,49431.28992716395,Service,M,Married,4,Suburban
CUST0024,19,37532.93626330753,Student,F,Single,1,Urban
CUST0025,48,74905.45358842256,Professional,F,Married,2,Suburban
CUST0026,68,98470.66965674172,Retired,Other,Married,2,Rural
CUST0027,49,110442.32345051174,Professional,F,Single,1,Suburban
CUST0028,37,46597.165287383075,Professional,M,Single,1,Suburban
CUST0029,45,116285.10349326264,Professional,M,Married,1,Urban
CUST0030,22,110416.67342850006,Student,F,Single,1,Urban
CUST0031,18,73601.22210646597,Others,F,Single,1,Suburban
CUST0032,44,139619.16616618016,Service,M,Married,5,Suburban
CUST0033,28,61498.97013370504,Professional,M,Single,1,Urban
CUST0034,18,51035.58328283735,Service,F,Single,1,Rural
CUST0035,24,63900.07444575534,Student,M,Single,1,Urban
CUST0036,21,44491.75264831298,Student,M,Single,1,Rural
CUST0037,36,59962.14552447072,Professional,M,Married,1,Suburban
CUST0038,41,79129.11811323791,Professional,M,Single,1,Urban
CUST0039,45,86324.66749335527,Professional,M,Single,1,Urban
CUST0040,45,98391.22727444507,Self-employed,F,Married,2,Urban
CUST0041,44,42373.86895007992,Others,M,Single,1,Urban
CUST0042,32,242734.8325558073,Professional,M,Single,1,Urban
CUST0043,27,48760.01818638455,Professional,M,Single,1,Suburban
CUST0044,18,82888.91658038684,Student,M,Single,1,Suburban
CUST0045,48,93654.81623760509,Professional,M,Single,1,Urban
CUST0046,32,56523.91812602059,Professional,F,Single,1,Suburban
CUST0047,30,89708.37455814608,Professional,F,Single,1,Urban
CUST0048,49,59597.849691738826,Service,M,Married,2,Rural
CUST0049,24,66534.21426693376,Student,M,Single,1,Urban
CUST0050,45,188492.76198517074,Professional,M,Single,1,Rural
CUST0051,38,64317.67227889269,Professional,F,Single,1,Suburban
CUST0052,22,67877.18553810722,Student,F,Single,1,Urban
CUST0053,34,49787.82171647864,Student,M,Single,1,Suburban
CUST0054,46,108685.59119968253,Self-employed,F,Single,1,Urban
CUST0055,44,60147.78485208921,Professional,M,Married,5,Urban
CUST0056,52,97489.44085034434,Self-employed,F,Married,4,Suburban
CUST0057,39,118185.8505691596,Professional,F,Single,1,Rural
CUST0058,75,66771.04327138542,Self-employed,F,Married,4,Urban
CUST0059,23,84395.37992322633,Student,F,Single,1,Urban
CUST0060,30,82750.11315147998,Service,M,Single,1,Suburban
CUST0061,34,115067.05489247493,Professional,F,Single,1,Suburban
CUST0062,18,80321.2406567462,Self-employed,F,Single,1,Urban
CUST0063,47,142569.4782826562,Professional,F,Married,5,Urban
CUST0064,45,73410.0572158492,Service,M,Single,1,Urban
CUST0065,35,47264.92304440586,Professional,M,Single,1,Rural
CUST0066,28,40224.14514693103,Self-employed,F,Single,1,Suburban
CUST0067,18,37167.20334399651,Student,F,Single,1,Suburban
CUST0068,25,60271.48028157449,Others,F,Single,1,Rural
CUST0069,43,85970.64507521589,Professional,F,Married,5,Suburban
CUST0070,32,55524.94250888246,Student,F,Single,1,Rural
CUST0071,29,54315.82809151158,Student,F,Single,1,Suburban
CUST0072,41,65876.73005224299,Service,F,Single,1,Urban
CUST0073,48,82870.58320959602,Professional,F,Married,1,Rural
CUST0074,38,141060.6415004034,Service,M,Single,1,Urban
CUST0075,38,42368.33089234019,Professional,M,Single,1,Urban
CUST0076,51,113696.04352081836,Professional,F,Married,5,Urban
CUST0077,37,96782.07013095007,Professional,M,Single,1,Urban
CUST0078,31,65139.58143529214,Others,F,Single,1,Urban
CUST0079,43,94334.54761135127,Self-employed,M,Single,1,Suburban
CUST0080,31,66806.76381075649,Others,M,Married,4,Rural
CUST0081,30,89930.80821753701,Professional,F,Single,1,Rural
CUST0082,50,61028.64993861639,Self-employed,F,Married,5,Urban
CUST0083,31,49892.75390206377,Self-employed,M,Married,1,Suburban
CUST0084,18,34326.08482321717,Student,F,Single,1,Urban
CUST0085,39,91345.9610924766,Service,F,Single,1,Suburban
CUST0086,30,56446.40009230819,Others,F,Single,1,Suburban
CUST0087,31,41953.062204150665,Service,M,Single,1,Suburban
CUST0088,40,54357.91126972837,Service,F,Single,1,Rural
CUST0089,33,92396.4463246539,Professional,F,Married,1,Urban
CUST0090,37,81324.97781212228,Professional,M,Single,1,Urban
CUST0091,18,44517.8202958116,Others,F,Single,1,Rural
CUST0092,23,120062.36737208786,Student,F,Single,1,Rural
CUST0093,51,82996.55379879127,Self-employed,F,Married,1,Urban
CUST0094,34,90182.0089870616,Self-employed,F,Single,1,Urban
CUST0095,18,67058.61404513015,Student,M,Single,1,Rural
CUST0096,22,58931.71476575812,Others,M,Single,1,Urban
CUST0097,23,78780.99555577648,Student,F,Single,1,Urban
CUST0098,36,122354.41756747944,Professional,F,Single,1,Urban
CUST0099,29,62722.99445246021,Student,F,Single,1,Urban
CUST0100,27,94876.24683628317,Professional,F,Single,1,Urban
CUST0101,35,57052.65803890929,Professional,M,Single,1,Suburban
CUST0102,40,167636.5660441324,Professional,M,Single,1,Urban
CUST0103,31,52585.0568726302,Service,M,Married,1,Suburban
CUST0104,28,176976.4966448751,Others,M,Single,1,Rural
CUST0105,29,45238.678838611406,Professional,F,Single,1,Rural
CUST0106,39,67288.19383043698,Professional,M,Married,3,Suburban
CUST0107,34,89484.37798951584,Others,F,Married,5,Suburban
CUST0108,44,135323.0121978233,Professional,M,Single,1,Urban
CUST0109,21,129271.58296958292,Student,F,Single,1,Urban
CUST0110,25,125714.82468006782,Professional,F,Single,1,Rural
CUST0111,44,96029.69834645656,Self-employed,M,Married,2,Urban
CUST0112,25,50612.36790027001,Professional,M,Single,1,Urban
CUST0113,51,128936.12800551813,Others,M,Married,5,Suburban
CUST0114,51,136103.57933836445,Professional,F,Single,1,Urban
CUST0115,51,96973.0611367838,Professional,M,Single,1,Urban
CUST0116,24,54634.3990908731,Student,F,Single,1,Rural
CUST0117,35,49860.391683192196,Professional,Other,Married,3,Rural
CUST0118,29,53766.88528642929,Professional,F,Single,1,Suburban
CUST0119,46,61421.83683633779,Service,M,Married,1,Rural
CUST0120,55,89476.79041491772,Service,F,Married,3,Suburban
CUST0121,45,125726.02530121128,Self-employed,M,Single,1,Suburban
CUST0122,35,78190.25433327712,Service,M,Single,1,Urban
CUST0123,30,46570.524495836085,Service,F,Married,4,Urban
CUST0124,42,106314.0647904279,Service,F,Married,4,Suburban
CUST0125,20,146129.29095553834,Student,M,Single,1,Suburban
CUST0126,41,82006.73413539487,Student,M,Married,5,Suburban
CUST0127,24,51768.612178516814,Student,M,Married,5,Urban
CUST0128,42,54906.411837795036,Self-employed,F,Married,2,Urban
CUST0129,33,95512.83763408195,Professional,M,Married,2,Suburban
CUST0130,30,138941.23532335876,Professional,Other,Single,1,Urban
CUST0131,24,59599.10579346505,Service,F,Single,1,Suburban
CUST0132,30,57917.64042949653,Service,F,Single,1,Urban
CUST0133,41,81220.21525786491,Service,M,Single,1,Urban
CUST0134,47,114892.52898118607,Professional,F,Single,1,Suburban
CUST0135,41,59110.065113805416,Self-employed,F,Single,1,Suburban
CUST0136,51,93894.54903940327,Professional,F,Single,1,Urban
CUST0137,65,117157.125764012,Self-employed,M,Single,1,Urban
CUST0138,31,91912.21415558811,Professional,M,Married,4,Suburban
CUST0139,32,48976.60204569496,Professional,M,Single,1,Urban
CUST0140,18,45233.69421546362,Student,F,Single,1,Suburban
CUST0141,49,87281.2943313152,Service,F,Single,1,Rural
CUST0142,50,114153.88756036345,Professional,F,Married,1,Urban
CUST0143,24,165663.95757189058,Self-employed,M,Single,1,Rural
CUST0144,42,52500.98481770841,Professional,M,Single,1,Urban
CUST0145,49,93420.41713256692,Professional,M,Married,3,Urban
CUST0146,37,76086.64519239418,Professional,M,Single,1,Urban
CUST0147,45,68536.25975820753,Professional,M,Single,1,Rural
CUST0148,37,124331.05858076688,Self-employed,F,Single,1,Urban
CUST0149,20,81977.84632521952,Student,F,Single,1,Urban
CUST0150,47,106428.00703833764,Professional,F,Single,1,Rural
CUST0151,50,55101.28997629398,Professional,M,Married,2,Suburban
CUST0152,43,69658.11610384082,Professional,M,Married,2,Urban
CUST0153,23,68094.37202288947,Service,M,Single,1,Urban
CUST0154,25,72990.97242696556,Professional,F,Single,1,Suburban
CUST0155,21,181692.3631054734,Self-employed,M,Single,1,Urban
CUST0156,44,71704.84098629863,Self-employed,F,Married,1,Urban
CUST0157,50,42093.56914885448,Others,M,Single,1,Suburban
CUST0158,40,80227.71068390398,Service,F,Married,1,Urban
CUST0159,46,101542.25872322262,Self-employed,F,Married,5,Rural
CUST0160,24,68879.60665588839,Professional,M,Single,1,Rural
CUST0161,36,36397.45042514759,Service,F,Married,3,Rural
CUST0162,18,71493.3661736826,Student,M,Single,1,Suburban
CUST0163,25,85220.57738364639,Professional,F,Single,1,Suburban
CUST0164,45,51456.35480752288,Professional,M,Single,1,Urban
CUST0165,32,55753.71357930933,Service,M,Single,1,Rural
CUST0166,49,82103.15049009534,Service,F,Married,1,Urban
CUST0167,41,63223.85355455611,Professional,F,Single,1,Urban
CUST0168,67,77126.3538112591,Retired,M,Single,1,Suburban
CUST0169,36,85511.12400774524,Professional,F,Single,1,Urban
CUST0170,18,49606.85722029305,Student,M,Single,1,Rural
CUST0171,34,43694.970044893074,Others,M,Single,1,Urban
CUST0172,23,97818.76682844474,Student,F,Single,1,Suburban
CUST0173,46,55796.944505051804,Professional,M,Single,1,Urban
CUST0174,35,68753.70478420348,Self-employed,M,Married,2,Suburban
CUST0175,33,60158.06116841567,Self-employed,F,Single,1,Suburban
CUST0176,33,47911.29753271949,Student,M,Single,1,Suburban
CUST0177,43,115905.72197526791,Self-employed,F,Married,2,Urban
CUST0178,29,97337.51674455401,Professional,M,Single,1,Urban
CUST0179,44,69205.37835726755,Professional,M,Single,1,Urban
CUST0180,47,82361.04246370876,Professional,M,Married,4,Suburban
CUST0181,30,74677.49368777659,Professional,F,Single,1,Rural
CUST0182,23,44222.95699874031,Student,F,Single,1,Urban
CUST0183,28,48338.14402264854,Others,M,Married,1,Rural
CUST0184,43,79174.06282115765,Service,M,Single,1,Suburban
CUST0185,36,48902.962071580856,Others,F,Married,5,Suburban
CUST0186,42,78217.59215911556,Professional,M,Single,1,Suburban
CUST0187,56,45247.44343048953,Others,F,Married,3,Rural
CUST0188,37,63850.03070055811,Professional,M,Married,5,Urban
CUST0189,25,76548.8749829355,Professional,F,Single,1,Urban
CUST0190,47,90249.92728903782,Professional,M,Married,2,Urban
CUST0191,35,120898.79355701404,Professional,F,Single,1,Rural
CUST0192,45,54013.48110532958,Self-employed,F,Married,5,Rural
CUST0193,47,79955.19425259664,Professional,M,Single,1,Suburban
CUST0194,23,98189.54054547225,Student,M,Married,2,Urban
CUST0195,51,95919.63801321657,Self-employed,F,Married,2,Urban
CUST0196,45,113959.94194983364,Professional,F,Single,1,Urban
CUST0197,27,44997.24986131693,Professional,M,Single,1,Urban
CUST0198,38,78803.35020553296,Professional,M,Single,1,Suburban
CUST0199,38,70053.83280290889,Service,F,Single,1,Rural
CUST0200,35,77596.91134986475,Service,M,Single,1,Rural
CUST0201,45,59997.7594609886,Professional,F,Married,2,Suburban
CUST0202,52,148931.67596557055,Professional,M,Married,2,Urban
CUST0203,35,99384.44959962893,Professional,F,Single,1,Urban
CUST0204,50,138138.13924461525,Service,F,Married,2,Urban
CUST0205,46,92374.40687843892,Professional,Other,Married,4,Suburban
CUST0206,37,57934.76625802841,Professional,M,Single,1,Rural
CUST0207,37,98087.82991774486,Professional,F,Married,5,Urban
CUST0208,21,113450.32613405814,Student,M,Single,1,Urban
CUST0209,18,71133.19342606665,Student,F,Single,1,Urban
CUST0210,36,53248.494657383184,Service,F,Single,1,Urban
CUST0211,24,53644.5736608675,Student,M,Single,1,Suburban
CUST0212,34,75291.17907145312,Professional,F,Single,1,Urban
CUST0213,28,129239.2406927161,Service,M,Single,1,Urban
CUST0214,18,134715.0437323487,Service,F,Single,1,Suburban
CUST0215,39,56022.15303342366,Professional,F,Married,4,Suburban
CUST0216,30,82877.20909712728,Professional,F,Single,1,Urban
CUST0217,35,59295.186709424655,Professional,M,Married,4,Urban
CUST0218,24,42540.67769948292,Others,M,Single,1,Suburban
CUST0219,30,90939.49990330855,Professional,F,Single,1,Urban
CUST0220,53,92350.54584448184,Others,M,Married,1,Urban
CUST0221,36,82294.17789090311,Self-employed,M,Single,1,Urban
CUST0222,41,73762.67002783738,Professional,M,Single,1,Urban
CUST0223,19,72582.62307939329,Student,M,Single,1,Suburban
CUST0224,63,104517.55423598079,Self-employed,F,Married,1,Urban
CUST0225,57,127302.19293451603,Professional,M,Married,1,Suburban
CUST0226,51,62729.212416497794,Professional,F,Married,3,Urban
CUST0227,44,117374.6774549451,Self-employed,M,Married,1,Urban
CUST0228,35,101695.06216549981,Others,M,Single,1,Urban
CUST0229,40,89452.46148246438,Self-employed,M,Married,5,Urban
CUST0230,47,83904.47388659323,Self-employed,M,Single,1,Rural
CUST0231,27,66791.72679727731,Student,M,Married,4,Suburban
CUST0232,29,68321.93606041455,Professional,F,Single,1,Rural
CUST0233,18,64126.50317769547,Student,M,Single,1,Rural
CUST0234,25,40556.26635208965,Professional,M,Single,1,Suburban
CUST0235,54,228182.8721714158,Others,M,Married,5,Urban
CUST0236,30,112230.24230102415,Self-employed,M,Single,1,Urban
CUST0237,31,154110.50382001017,Student,F,Single,1,Rural
CUST0238,38,99646.29859436984,Professional,F,Married,1,Suburban
CUST0239,18,49707.63519121954,Student,M,Single,1,Urban
CUST0240,46,100278.89253461157,Professional,M,Single,1,Suburban
CUST0241,50,120136.66263113086,Service,Other,Single,1,Urban
CUST0242,39,54654.81974379649,Service,M,Single,1,Suburban
CUST0243,54,150570.66140589013,Self-employed,F,Single,1,Urban
CUST0244,19,54134.644072156545,Student,M,Single,1,Suburban
CUST0245,57,121097.78155569026,Professional,F,Married,3,Suburban
CUST0246,26,126271.29673039906,Professional,F,Single,1,Urban
CUST0247,19,71794.04112801205,Student,F,Single,1,Urban
CUST0248,32,134164.61212518706,Professional,M,Single,1,Urban
CUST0249,57,53997.12957789175,Self-employed,M,Married,3,Suburban
CUST0250,34,49325.78074945913,Self-employed,M,Single,1,Suburban
CUST0251,23,48839.15145215174,Student,M,Single,1,Urban
CUST0252,19,36278.46774077578,Student,M,Single,1,Urban
CUST0253,33,135542.07195829973,Professional,M,Married,4,Urban
CUST0254,18,103436.58319884785,Student,F,Single,1,Urban
CUST0255,19,51157.99754030354,Service,F,Single,1,Rural
CUST0256,53,218778.7714930802,Professional,M,Married,5,Urban
CUST0257,50,75411.66078722972,Professional,M,Single,1,Suburban
CUST0258,33,160240.36115212945,Professional,Other,Single,1,Urban
CUST0259,29,155966.5672206559,Service,F,Single,1,Urban
CUST0260,35,58645.56214246283,Self-employed,F,Single,1,Urban
CUST0261,63,132497.71392369756,Self-employed,M,Single,1,Suburban
CUST0262,39,123863.17233650782,Professional,M,Married,2,Rural
CUST0263,45,63361.050062336246,Service,M,Single,1,Rural
CUST0264,32,35344.13578567168,Others,M,Single,1,Suburban
CUST0265,35,104605.57080360447,Professional,F,Married,5,Urban
CUST0266,42,57690.668561229104,Service,F,Married,1,Rural
CUST0267,36,71443.96006301534,Others,M,Single,1,Suburban
CUST0268,18,68479.39080284777,Service,Other,Single,1,Urban
CUST0269,50,107975.17993382619,Self-employed,M,Single,1,Suburban
CUST0270,27,60371.9427254307,Professional,Other,Married,2,Urban
CUST0271,60,102081.26974243771,Self-employed,Other,Single,1,Urban
CUST0272,43,132733.75789578297,Service,M,Married,3,Urban
CUST0273,35,40339.11130614831,Professional,M,Married,4,Urban
CUST0274,40,47589.94318469083,Self-employed,F,Single,1,Suburban
CUST0275,33,47861.39892466691,Professional,F,Single,1,Urban
CUST0276,29,57502.9497819926,Service,F,Single,1,Urban
CUST0277,37,105165.3436937564,Service,Other,Married,4,Urban
CUST0278,45,125827.3669065723,Professional,F,Married,3,Urban
CUST0279,29,65400.45232881298,Service,M,Single,1,Suburban
CUST0280,27,64227.10020726685,Professional,M,Married,1,Urban
CUST0281,30,128179.28086621869,Service,F,Single,1,Urban
CUST0282,46,89463.86096257757,Professional,M,Married,3,Urban
CUST0283,52,74192.93961313837,Professional,F,Married,1,Rural
CUST0284,39,113038.21776851328,Others,M,Married,2,Urban
CUST0285,41,109196.71780141839,Professional,M,Married,3,Urban
CUST0286,27,81761.64301807681,Service,M,Single,1,Urban
CUST0287,45,65148.51783400253,Professional,F,Married,1,Suburban
CUST0288,41,54697.20222292228,Professional,M,Single,1,Suburban
CUST0289,26,49038.36708650282,Professional,F,Single,1,Urban
CUST0290,18,46004.091784882905,Student,F,Single,1,Urban
CUST0291,20,45684.22398299705,Student,F,Single,1,Suburban
CUST0292,26,55895.53484660221,Student,F,Single,1,Rural
CUST0293,48,83070.31632204696,Professional,M,Single,1,Suburban
CUST0294,53,90611.87421235279,Student,F,Married,2,Suburban
CUST0295,29,46723.14437445096,Others,M,Single,1,Rural
CUST0296,30,79081.05170124277,Others,M,Married,3,Urban
CUST0297,38,79605.276446045,Professional,M,Single,1,Urban
CUST0298,35,71540.72268402377,Self-employed,F,Single,1,Suburban
CUST0299,46,64950.16600813407,Professional,F,Married,4,Urban
CUST0300,28,46575.73006072907,Self-employed,F,Single,1,Rural
CUST0301,46,104119.14073668509,Service,F,Married,3,Urban
CUST0302,32,75188.34403393009,Others,F,Single,1,Urban
CUST0303,45,94157.7163065982,Professional,M,Single,1,Suburban
CUST0304,31,60880.79330307433,Service,F,Single,1,Suburban
CUST0305,27,56112.1814765139,Professional,M,Single,1,Suburban
CUST0306,57,137402.5707781323,Others,Other,Married,5,Urban
CUST0307,47,73629.86407363976,Professional,F,Married,3,Suburban
CUST0308,18,67422.79731679433,Student,F,Single,1,Urban
CUST0309,29,68411.5106542419,Professional,F,Single,1,Urban
CUST0310,49,61413.682594177924,Self-employed,M,Single,1,Rural
CUST0311,20,54173.39434628905,Student,F,Single,1,Rural
CUST0312,44,187436.50715334923,Others,M,Single,1,Urban
CUST0313,43,60947.53597486675,Professional,F,Married,5,Suburban
CUST0314,26,70829.86326106034,Professional,F,Single,1,Urban
CUST0315,34,57643.37032915238,Professional,F,Single,1,Urban
CUST0316,18,61836.00818796768,Student,F,Single,1,Urban
CUST0317,56,67647.42152461542,Professional,M,Married,2,Rural
CUST0318,31,58980.43788486135,Professional,M,Single,1,Urban
CUST0319,44,48767.39555035276,Professional,F,Single,1,Suburban
CUST0320,42,82658.63852101436,Professional,M,Single,1,Urban
CUST0321,51,74126.58730502847,Professional,M,Single,1,Suburban
CUST0322,29,87528.01220254885,Service,F,Single,1,Urban
CUST0323,37,74269.74329218127,Service,F,Single,1,Suburban
CUST0324,41,59389.75023675248,Professional,F,Single,1,Urban
CUST0325,45,56621.691072050395,Professional,M,Married,3,Rural
CUST0326,48,83362.5192200579,Professional,F,Single,1,Rural
CUST0327,29,122719.95928585823,Student,M,Single,1,Suburban
CUST0328,27,55565.91681833063,Professional,F,Single,1,Suburban
CUST0329,51,47134.62217542978,Self-employed,M,Single,1,Rural
CUST0330,18,68787.18350450265,Student,F,Single,1,Urban
CUST0331,53,143251.45702122827,Professional,F,Single,1,Suburban
CUST0332,31,90154.72040233402,Student,M,Single,1,Suburban
CUST0333,34,47656.41987107609,Service,F,Married,2,Urban
CUST0334,26,72122.90517300955,Others,F,Single,1,Urban
CUST0335,34,105119.81131906553,Professional,M,Single,1,Urban
CUST0336,50,71664.04586819951,Professional,F,Married,2,Urban
CUST0337,44,65259.64320482585,Service,M,Single,1,Suburban
CUST0338,40,63814.77089972711,Others,F,Single,1,Urban
CUST0339,36,69633.472363272,Professional,F,Single,1,Urban
CUST0340,18,41416.96400857333,Student,M,Single,1,Urban
CUST0341,24,72901.00994676784,Student,F,Single,1,Urban
CUST0342,30,78888.92442059949,Professional,M,Single,1,Urban
CUST0343,40,87192.6343083659,Professional,M,Married,1,Suburban
CUST0344,35,73430.28992575414,Professional,Other,Single,1,Urban
CUST0345,46,53334.35712908033,Self-employed,F,Single,1,Rural
CUST0346,40,70547.21569967776,Professional,M,Single,1,Urban
CUST0347,35,158663.65142967604,Service,M,Married,2,Urban
CUST0348,62,101968.2761960289,Self-employed,M,Single,1,Suburban
CUST0349,39,56965.555920443265,Professional,Other,Single,1,Suburban
CUST0350,29,90732.03627118273,Professional,M,Single,1,Urban
CUST0351,57,191282.74015989437,Professional,M,Married,2,Urban
CUST0352,49,97387.85785597947,Others,F,Married,3,Urban
CUST0353,56,83191.64030843267,Professional,M,Single,1,Urban
CUST0354,33,127207.34307136094,Professional,M,Single,1,Urban
CUST0355,46,67554.79958481622,Self-employed,M,Single,1,Urban
CUST0356,18,96095.25979289818,Student,M,Single,1,Urban
CUST0357,44,64805.6320792857,Service,M,Single,1,Urban
CUST0358,33,62400.96332648542,Professional,F,Married,3,Urban
CUST0359,18,87191.7741291939,Student,M,Single,1,Urban
CUST0360,47,140618.9614368394,Professional,F,Married,4,Urban
CUST0361,18,60743.41684138233,Student,F,Single,1,Rural
CUST0362,18,106027.53634321975,Service,F,Single,1,Urban
CUST0363,39,90414.36119002254,Service,F,Married,1,Suburban
CUST0364,41,58266.38459813834,Professional,M,Single,1,Urban
CUST0365,46,70075.29269946793,Professional,M,Single,1,Rural
CUST0366,43,99738.23483301967,Service,M,Single,1,Urban
CUST0367,52,153834.90585860482,Others,M,Married,2,Rural
CUST0368,43,122681.14831877107,Professional,F,Single,1,Suburban
CUST0369,33,113143.12167364455,Professional,F,Single,1,Urban
CUST0370,34,46321.62794120391,Professional,F,Single,1,Rural
CUST0371,31,97580.61405133629,Service,M,Single,1,Urban
CUST0372,38,101517.89541568121,Professional,F,Single,1,Urban
CUST0373,21,73143.93991696472,Student,M,Single,1,Suburban
CUST0374,39,101669.72147706638,Service,F,Single,1,Rural
CUST0375,33,41568.03988249077,Student,M,Single,1,Suburban
CUST0376,38,39211.83639883546,Professional,F,Married,1,Suburban
CUST0377,38,85257.36465361032,Professional,M,Single,1,Suburban
CUST0378,18,61721.852486706164,Student,F,Single,1,Suburban
CUST0379,24,61624.24672679261,Student,F,Single,1,Suburban
CUST0380,33,87489.49335419464,Professional,F,Single,1,Suburban
CUST0381,34,80339.49115460999,Professional,M,Single,1,Urban
CUST0382,38,87568.7609625492,Self-employed,F,Single,1,Rural
CUST0383,38,111508.9667852885,Service,F,Single,1,Urban
CUST0384,53,70673.49042253885,Service,M,Single,1,Urban
CUST0385,38,88399.0952332762,Professional,M,Single,1,Urban
CUST0386,31,56101.24815450464,Professional,M,Single,1,Suburban
CUST0387,18,34506.59951671782,Student,M,Single,1,Urban
CUST0388,18,56253.98263617487,Student,F,Single,1,Rural
CUST0389,41,122555.06952933196,Professional,Other,Single,1,Urban
CUST0390,47,59710.324034838115,Self-employed,M,Married,5,Suburban
CUST0391,53,103831.85858015892,Professional,F,Married,2,Suburban
CUST0392,25,99233.17636095198,Student,Other,Single,1,Urban
CUST0393,31,98024.37091822582,Professional,M,Single,1,Urban
CUST0394,37,59170.47618828101,Self-employed,F,Single,1,Urban
CUST0395,59,68577.04171411313,Professional,F,Married,1,Rural
CUST0396,36,76580.81433955165,Self-employed,F,Married,4,Urban
CUST0397,53,96968.24675822088,Professional,M,Married,4,Urban
CUST0398,37,99544.40585163068,Service,F,Married,2,Urban
CUST0399,48,109761.36741447078,Service,M,Married,5,Urban
CUST0400,47,251254.14300078587,Professional,F,Single,1,Urban
CUST0401,36,140258.1294270982,Professional,M,Single,1,Urban
CUST0402,22,57387.815111450545,Student,F,Single,1,Suburban
CUST0403,31,173691.27418004785,Professional,M,Single,1,Rural
CUST0404,52,57276.52848872884,Self-employed,M,Single,1,Urban
CUST0405,45,55869.176113356014,Service,F,Single,1,Suburban
CUST0406,29,98195.29039132196,Self-employed,M,Single,1,Urban
CUST0407,30,64431.63135379345,Service,F,Single,1,Urban
CUST0408,18,117964.07534920875,Student,Other,Single,1,Suburban
CUST0409,52,111297.2823689639,Professional,F,Married,4,Urban
CUST0410,45,78112.1018711418,Service,M,Single,1,Urban
CUST0411,33,68178.63312220048,Professional,F,Married,4,Suburban
CUST0412,37,69681.3833391261,Self-employed,F,Single,1,Urban
CUST0413,18,33374.94198949299,Student,F,Single,1,Suburban
CUST0414,29,50448.635021591894,Student,M,Single,1,Urban
CUST0415,51,66019.08748203385,Others,F,Single,1,Urban
CUST0416,46,129666.45201938413,Professional,F,Married,5,Urban
CUST0417,38,61286.70421574632,Others,M,Single,1,Urban
CUST0418,34,86661.98715712067,Others,M,Single,1,Urban
CUST0419,44,75174.77931927673,Service,M,Single,1,Suburban
CUST0420,31,51550.972455383795,Self-employed,F,Single,1,Urban
CUST0421,18,70762.46110373567,Student,F,Single,1,Urban
CUST0422,34,73555.43193225742,Service,F,Single,1,Urban
CUST0423,39,121796.01004541919,Professional,M,Single,1,Urban
CUST0424,48,71304.96950076504,Professional,M,Married,1,Urban
CUST0425,18,49157.74997261661,Student,Other,Single,1,Rural
CUST0426,33,104055.53928209163,Professional,Other,Single,1,Suburban
CUST0427,34,68883.07213551315,Professional,F,Single,1,Rural
CUST0428,21,96201.75239051665,Student,F,Single,1,Suburban
CUST0429,40,63181.63792430405,Self-employed,M,Single,1,Urban
CUST0430,43,85091.90671784402,Service,F,Married,4,Urban
CUST0431,31,56739.922353216476,Professional,M,Single,1,Urban
CUST0432,59,66251.79594410659,Others,M,Married,3,Urban
CUST0433,31,37157.26970683525,Self-employed,F,Single,1,Rural
CUST0434,29,134117.6749174332,Service,M,Single,1,Urban
CUST0435,29,58304.36404288821,Professional,M,Married,4,Rural
CUST0436,25,84211.69575941417,Service,M,Single,1,Urban
CUST0437,28,65468.82852890168,Student,M,Single,1,Suburban
CUST0438,18,103858.22329035218,Service,F,Single,1,Rural
CUST0439,32,40919.723247092705,Student,M,Single,1,Suburban
CUST0440,35,81432.54394773595,Service,M,Single,1,Suburban
CUST0441,18,87019.78216535893,Others,M,Single,1,Urban
CUST0442,33,75213.20357049082,Professional,M,Single,1,Suburban
CUST0443,35,56166.07664628857,Professional,M,Single,1,Rural
CUST0444,41,44697.55257018798,Service,F,Single,1,Rural
CUST0445,49,65543.65535698993,Professional,M,Married,1,Suburban
CUST0446,45,43792.47197856072,Service,F,Single,1,Suburban
CUST0447,27,94293.65816590577,Professional,Other,Married,1,Suburban
CUST0448,26,83588.66896792795,Professional,F,Single,1,Urban
CUST0449,41,112370.46496807382,Others,M,Married,2,Suburban
CUST0450,28,49145.3009070394,Self-employed,M,Single,1,Suburban
CUST0451,20,43206.3522065811,Service,F,Single,1,Urban
CUST0452,63,116688.3302140674,Self-employed,F,Married,3,Urban
CUST0453,31,88343.75591137882,Self-employed,F,Single,1,Urban
CUST0454,27,38317.95176239004,Professional,F,Single,1,Urban
CUST0455,18,48447.59881827794,Student,F,Single,1,Urban
CUST0456,45,158746.69793408914,Self-employed,F,Single,1,Urban
CUST0457,23,92454.40185521552,Student,F,Single,1,Urban
CUST0458,35,67559.54384532874,Professional,M,Single,1,Urban
CUST0459,46,52928.68007628849,Professional,Other,Married,1,Rural
CUST0460,23,46465.08944628442,Service,F,Single,1,Rural
CUST0461,35,63074.72574185851,Professional,M,Single,1,Suburban
CUST0462,53,52896.91286480517,Self-employed,F,Married,5,Rural
CUST0463,18,105500.13191896393,Student,F,Single,1,Suburban
CUST0464,25,108526.69938724428,Professional,F,Single,1,Urban
CUST0465,24,43790.779788336426,Self-employed,F,Single,1,Suburban
CUST0466,32,160736.16508724357,Professional,M,Married,3,Suburban
CUST0467,34,61750.95868329401,Student,Other,Single,1,Urban
CUST0468,22,66176.43037752068,Student,F,Single,1,Urban
CUST0469,27,57523.90679061982,Professional,F,Married,3,Rural
CUST0470,25,45405.93618381296,Service,M,Single,1,Urban
CUST0471,30,61837.40589234454,Student,M,Married,5,Suburban
CUST0472,37,42174.67196501417,Service,F,Married,4,Urban
CUST0473,45,70774.75393338407,Professional,M,Married,5,Urban
CUST0474,47,79791.15660548615,Professional,M,Single,1,Urban
CUST0475,42,87372.81881756113,Others,F,Married,5,Urban
CUST0476,24,39669.06047488814,Student,F,Married,4,Suburban
CUST0477,34,44234.971589390596,Professional,M,Single,1,Suburban
CUST0478,63,100987.42051883806,Student,M,Single,1,Suburban
CUST0479,47,53913.442894194915,Professional,M,Married,4,Rural
CUST0480,29,64774.841206406076,Professional,F,Single,1,Urban
CUST0481,53,145664.88193621248,Professional,M,Married,4,Suburban
CUST0482,30,45353.812022362086,Self-employed,M,Single,1,Suburban
CUST0483,26,49497.48503048575,Professional,F,Single,1,Suburban
CUST0484,51,128120.36143144942,Professional,Other,Single,1,Urban
CUST0485,19,35302.1664572014,Student,F,Single,1,Suburban
CUST0486,18,58308.831413094274,Student,M,Single,1,Suburban
CUST0487,46,92734.69875052487,Self-employed,M,Married,4,Urban
CUST0488,35,109073.4854821183,Others,F,Single,1,Suburban
CUST0489,36,63213.49747336295,Professional,M,Married,4,Suburban
CUST0490,30,45164.52821488082,Service,F,Single,1,Suburban
CUST0491,32,80366.91278457866,Professional,M,Single,1,Urban
CUST0492,29,78951.70807961198,Professional,M,Single,1,Urban
CUST0493,27,145793.0442414052,Professional,F,Single,1,Urban
CUST0494,30,61838.56102580438,Student,F,Single,1,Suburban
CUST0495,30,80178.58984233996,Professional,F,Single,1,Urban
CUST0496,25,64702.46516802646,Professional,M,Single,1,Suburban
CUST0497,28,45691.99711470622,Professional,M,Single,1,Rural
CUST0498,18,70368.43848647634,Service,F,Single,1,Urban
CUST0499,43,124427.66171413082,Professional,F,Single,1,Rural
CUST0500,39,101214.29580813316,Professional,M,Single,1,Urban
CUST0501,33,55537.632969201084,Self-employed,M,Single,1,Urban
CUST0502,37,68332.49410696124,Professional,M,Single,1,Urban
CUST0503,38,126905.37420008026,Professional,Other,Single,1,Urban
CUST0504,26,60081.68558629693,Self-employed,F,Married,5,Urban
CUST0505,28,114404.56436412023,Service,F,Single,1,Urban
CUST0506,41,72599.8735770681,Service,M,Single,1,Suburban
CUST0507,37,72081.52214243528,Self-employed,Other,Single,1,Rural
CUST0508,59,138647.22971999226,Self-employed,M,Married,2,Suburban
CUST0509,54,198733.15794899507,Others,F,Married,2,Urban
CUST0510,46,74602.35959773156,Professional,F,Married,1,Suburban
CUST0511,25,57837.666830204726,Student,M,Single,1,Suburban
CUST0512,28,52581.35408252545,Professional,M,Single,1,Rural
CUST0513,22,47085.11740179036,Student,M,Single,1,Rural
CUST0514,38,58950.930954481315,Self-employed,M,Married,2,Rural
CUST0515,18,51328.235765201796,Student,F,Single,1,Suburban
CUST0516,29,101317.97137069897,Professional,F,Single,1,Suburban
CUST0517,31,89331.9433043647,Student,F,Single,1,Urban
CUST0518,18,85436.30408004104,Self-employed,F,Single,1,Rural
CUST0519,44,108212.56049873332,Professional,F,Married,2,Urban
CUST0520,21,107457.52690458542,Professional,M,Single,1,Urban
CUST0521,38,57232.368976158876,Self-employed,M,Single,1,Urban
CUST0522,68,96749.78529133585,Retired,Other,Married,5,Suburban
CUST0523,18,36386.20305336303,Student,M,Single,1,Suburban
CUST0524,33,42269.47514417754,Professional,F,Single,1,Suburban
CUST0525,30,74614.17683480888,Service,M,Single,1,Rural
CUST0526,27,65715.42767622878,Others,F,Single,1,Rural
CUST0527,44,81853.97674990376,Self-employed,F,Single,1,Urban
CUST0528,48,107703.51049817629,Professional,M,Single,1,Urban
CUST0529,44,149084.926581825,Professional,M,Single,1,Suburban
CUST0530,26,68809.88207033963,Service,F,Single,1,Rural
CUST0531,64,88375.89668024179,Service,M,Married,4,Urban
CUST0532,18,48163.88484735681,Student,M,Single,1,Suburban
CUST0533,22,95220.1132986416,Student,F,Single,1,Urban
CUST0534,37,59590.72757350679,Self-employed,M,Single,1,Rural
CUST0535,36,67497.39835634766,Professional,F,Single,1,Suburban
CUST0536,40,101816.83059192452,Professional,F,Single,1,Urban
CUST0537,53,89767.80756405379,Professional,M,Married,4,Urban
CUST0538,33,74136.63878003335,Professional,F,Married,5,Rural
CUST0539,36,54543.20379239748,Service,F,Single,1,Suburban
CUST0540,27,79719.66133296191,Others,M,Single,1,Urban
CUST0541,42,197989.797020248,Self-employed,M,Married,2,Suburban
CUST0542,31,45399.615235166595,Professional,M,Single,1,Suburban
CUST0543,31,47994.858239116584,Professional,M,Married,5,Suburban
CUST0544,41,109385.67818623933,Professional,M,Married,1,Suburban
CUST0545,47,91363.59544073475,Professional,M,Single,1,Urban
CUST0546,18,112680.84768310898,Student,M,Single,1,Rural
CUST0547,39,58313.574689747955,Professional,F,Single,1,Urban
CUST0548,31,104717.63062292627,Professional,F,Single,1,Urban
CUST0549,46,94433.2039943061,Professional,F,Married,4,Urban
CUST0550,31,50501.81331474725,Professional,F,Single,1,Suburban
CUST0551,50,66536.55956952594,Professional,F,Single,1,Suburban
CUST0552,26,69155.99540533673,Professional,F,Single,1,Suburban
CUST0553,18,45718.17643598503,Others,F,Single,1,Rural
CUST0554,47,133023.7699371911,Professional,M,Married,3,Urban
CUST0555,24,91393.37753210551,Student,F,Married,1,Rural
CUST0556,18,52250.28812132348,Service,M,Single,1,Urban
CUST0557,35,70119.04236522828,Others,M,Single,1,Suburban
CUST0558,32,108194.98617145365,Professional,F,Single,1,Urban
CUST0559,44,78726.87200787761,Service,M,Married,1,Suburban
CUST0560,45,186837.3537132182,Professional,M,Single,1,Suburban
CUST0561,36,93791.1708770489,Professional,F,Single,1,Suburban
CUST0562,24,49345.84259167906,Student,F,Single,1,Urban
CUST0563,38,51948.195477673915,Self-employed,F,Single,1,Suburban
CUST0564,36,117734.63710824668,Self-employed,F,Married,5,Urban
CUST0565,41,66282.6638616104,Professional,M,Single,1,Suburban
CUST0566,24,71355.50720844849,Student,M,Single,1,Urban
CUST0567,30,71912.37846931997,Self-employed,F,Single,1,Rural
CUST0568,41,48081.71829366602,Professional,M,Single,1,Suburban
CUST0569,49,51203.72478481049,Self-employed,F,Married,2,Suburban
CUST0570,46,138191.38287725026,Self-employed,M,Single,1,Suburban
CUST0571,35,65812.17798628191,Self-employed,M,Single,1,Urban
CUST0572,29,61046.44885235399,Service,F,Single,1,Rural
CUST0573,39,186572.47413028328,Service,F,Single,1,Suburban
CUST0574,21,98251.68503539116,Student,F,Single,1,Urban
CUST0575,25,133425.54474960882,Service,F,Single,1,Urban
CUST0576,53,148572.07668272263,Self-employed,M,Married,4,Urban
CUST0577,39,108795.77824874231,Professional,M,Single,1,Urban
CUST0578,30,136904.9498133935,Student,M,Single,1,Suburban
CUST0579,44,60364.52229456786,Professional,M,Married,3,Urban
CUST0580,50,60864.557003494185,Professional,M,Married,1,Urban
CUST0581,29,43057.17076779314,Professional,F,Single,1,Urban
CUST0582,29,39696.6828039832,Service,M,Single,1,Urban
CUST0583,28,73576.43588476226,Professional,F,Single,1,Urban
CUST0584,46,48571.83752715318,Professional,F,Single,1,Rural
CUST0585,46,54241.04298460773,Others,M,Single,1,Rural
CUST0586,51,78381.50162512406,Professional,M,Single,1,Suburban
CUST0587,47,40666.71613801089,Professional,M,Married,3,Rural
CUST0588,18,61375.2309260464,Student,F,Single,1,Urban
CUST0589,38,77280.64109847341,Professional,M,Single,1,Suburban
CUST0590,22,153564.3890977905,Student,M,Single,1,Urban
CUST0591,28,76601.94382841696,Student,F,Single,1,Urban
CUST0592,37,80000.97752850836,Professional,M,Single,1,Urban
CUST0593,45,156250.3170241676,Self-employed,F,Married,2,Urban
CUST0594,24,61239.38924091287,Student,F,Single,1,Suburban
CUST0595,18,68547.25099826293,Student,F,Single,1,Urban
CUST0596,37,114940.38863468054,Self-employed,M,Single,1,Suburban
CUST0597,66,69823.79339457933,Service,F,Married,2,Urban
CUST0598,32,110219.28255823802,Student,F,Single,1,Urban
CUST0599,35,46288.12016692238,Professional,M,Single,1,Rural
CUST0600,56,117684.61183677928,Self-employed,M,Married,3,Urban
CUST0601,42,105504.25575023056,Professional,M,Married,4,Urban
CUST0602,37,65061.588733583005,Professional,F,Single,1,Urban
CUST0603,40,72694.03443604021,Self-employed,F,Single,1,Suburban
CUST0604,38,154986.63678831872,Service,F,Married,2,Suburban
CUST0605,21,62567.663331046766,Service,F,Single,1,Urban
CUST0606,18,79212.96601683207,Student,M,Single,1,Rural
CUST0607,57,91521.21663896345,Service,M,Married,3,Suburban
CUST0608,37,58896.332249418585,Professional,F,Single,1,Rural
CUST0609,36,59762.60896245738,Self-employed,F,Single,1,Rural
CUST0610,33,86450.30163494225,Professional,M,Married,1,Urban
CUST0611,44,146483.93818894564,Professional,F,Single,1,Suburban
CUST0612,65,59692.38117093766,Retired,F,Married,3,Urban
CUST0613,41,153018.20919798454,Self-employed,F,Single,1,Urban
CUST0614,27,90604.05574754442,Professional,F,Single,1,Rural
CUST0615,33,66775.38015651364,Service,F,Single,1,Suburban
CUST0616,47,95001.13444539675,Professional,M,Single,1,Urban
CUST0617,28,90766.02003594089,Professional,F,Married,3,Urban
CUST0618,45,54552.37756766265,Professional,M,Single,1,Suburban
CUST0619,18,59469.73822550942,Service,F,Single,1,Urban
CUST0620,32,72878.88805745033,Self-employed,M,Married,5,Urban
CUST0621,42,45827.473958041664,Professional,F,Single,1,Urban
CUST0622,50,120805.27906769754,Self-employed,F,Single,1,Urban
CUST0623,25,53502.0663235375,Professional,M,Single,1,Suburban
CUST0624,18,50794.26857901619,Self-employed,M,Single,1,Urban
CUST0625,31,69703.72746475173,Professional,Other,Single,1,Suburban
CUST0626,21,78720.47216569,Student,Other,Single,1,Urban
CUST0627,33,85648.87726269507,Others,M,Single,1,Suburban
CUST0628,34,75580.63861625166,Professional,Other,Single,1,Rural
CUST0629,19,73429.55067694213,Student,F,Single,1,Suburban
CUST0630,44,61330.74048585215,Self-employed,F,Single,1,Suburban
CUST0631,33,78335.20265785832,Others,M,Single,1,Rural
CUST0632,47,104161.26219093897,Professional,F,Married,2,Urban
CUST0633,18,50467.12975321451,Student,F,Single,1,Rural
CUST0634,22,66751.54487450371,Student,F,Single,1,Suburban
CUST0635,41,100064.96388330376,Professional,F,Married,4,Urban
CUST0636,25,65745.8194720026,Professional,F,Single,1,Urban
CUST0637,33,46885.9425530095,Self-employed,F,Single,1,Rural
CUST0638,35,134336.58470481558,Others,M,Married,4,Suburban
CUST0639,36,123699.33680836012,Professional,M,Single,1,Urban
CUST0640,26,68545.74229467128,Professional,M,Single,1,Urban
CUST0641,36,145515.73580092957,Professional,M,Single,1,Suburban
CUST0642,25,88094.1012152297,Professional,F,Single,1,Urban
CUST0643,43,73752.32828960005,Service,F,Single,1,Suburban
CUST0644,33,56128.49503559798,Professional,F,Single,1,Rural
CUST0645,36,50572.605713046,Professional,M,Married,5,Suburban
CUST0646,65,89275.83532364324,Retired,F,Single,1,Urban
CUST0647,21,46944.661593850156,Student,M,Single,1,Rural
CUST0648,51,63111.75580982264,Self-employed,M,Married,4,Suburban
CUST0649,18,72874.57612408999,Student,M,Single,1,Suburban
CUST0650,18,39279.41912016242,Service,F,Single,1,Suburban
CUST0651,20,37490.083119197574,Others,M,Single,1,Suburban
CUST0652,20,67400.88073232617,Professional,F,Single,1,Rural
CUST0653,37,97285.59900726346,Others,M,Married,3,Urban
CUST0654,38,90919.3225856221,Professional,F,Married,5,Urban
CUST0655,31,42026.98982563244,Professional,F,Single,1,Suburban
CUST0656,33,55839.44930878596,Self-employed,F,Single,1,Rural
CUST0657,41,62432.85495112546,Self-employed,F,Married,1,Urban
CUST0658,44,47764.05380502751,Professional,F,Married,2,Urban
CUST0659,19,64864.30759988983,Student,F,Single,1,Urban
CUST0660,30,77996.77962277862,Professional,F,Single,1,Suburban
CUST0661,34,68665.71866377651,Professional,M,Single,1,Urban
CUST0662,40,46009.39133224355,Professional,M,Single,1,Suburban
CUST0663,25,156062.5976602541,Service,M,Single,1,Urban
CUST0664,33,53998.37252808442,Professional,F,Married,2,Rural
CUST0665,35,111811.1927670495,Professional,F,Single,1,Urban
CUST0666,26,124409.93526113789,Professional,F,Single,1,Urban
CUST0667,26,58512.381670256524,Professional,F,Single,1,Suburban
CUST0668,36,89420.10479429974,Service,M,Single,1,Rural
CUST0669,33,45786.64662345419,Professional,F,Married,2,Suburban
CUST0670,41,68137.88931327371,Professional,Other,Married,3,Rural
CUST0671,22,79398.74891034245,Service,M,Single,1,Suburban
CUST0672,30,71743.77207160174,Professional,F,Single,1,Urban
CUST0673,32,97910.63287682111,Student,M,Married,1,Suburban
CUST0674,44,66945.62027322379,Self-employed,F,Married,5,Urban
CUST0675,23,99716.95675455361,Service,M,Married,5,Urban
CUST0676,37,53250.82402354606,Professional,F,Single,1,Urban
CUST0677,38,91540.15262184067,Professional,F,Married,2,Urban
CUST0678,54,70008.94002123065,Professional,M,Married,1,Rural
CUST0679,22,37701.651698376714,Student,M,Single,1,Urban
CUST0680,27,92612.3780164425,Professional,F,Single,1,Suburban
CUST0681,23,50330.49561765021,Student,Other,Married,1,Urban
CUST0682,18,43279.43022653448,Student,F,Single,1,Urban
CUST0683,56,148403.03250377686,Others,F,Married,1,Suburban
CUST0684,20,91226.27651526098,Self-employed,M,Single,1,Suburban
CUST0685,25,45923.06566747781,Professional,F,Single,1,Rural
CUST0686,50,54929.44309054819,Service,F,Married,4,Urban
CUST0687,18,52805.72107623136,Student,F,Single,1,Suburban
CUST0688,44,53324.73505365488,Professional,M,Single,1,Rural
CUST0689,18,117013.57910857047,Student,F,Single,1,Suburban
CUST0690,49,47507.11027206964,Service,F,Single,1,Suburban
CUST0691,18,134875.3607278591,Service,F,Single,1,Rural
CUST0692,18,74235.63784831265,Student,F,Single,1,Suburban
CUST0693,28,88810.80689532662,Others,F,Single,1,Rural
CUST0694,46,85824.41995653098,Professional,F,Single,1,Suburban
CUST0695,34,43111.92793301293,Service,M,Single,1,Rural
CUST0696,30,99554.88344298126,Others,F,Single,1,Urban
CUST0697,51,86740.03117722094,Professional,M,Married,4,Urban
CUST0698,60,64004.660021851414,Service,M,Married,2,Suburban
CUST0699,43,126342.10483518436,Professional,M,Single,1,Urban
CUST0700,27,105422.93621370956,Professional,F,Single,1,Urban
CUST0701,29,111739.29630668674,Professional,M,Single,1,Urban
CUST0702,19,94334.80370524563,Student,M,Single,1,Urban
CUST0703,36,61149.1482576074,Others,F,Single,1,Rural
CUST0704,18,79311.23462772593,Professional,M,Single,1,Suburban
CUST0705,41,122976.18974253019,Professional,M,Single,1,Urban
CUST0706,59,134819.07902987552,Service,F,Married,1,Urban
CUST0707,43,40341.64682191973,Others,F,Single,1,Rural
CUST0708,29,68626.63734636744,Student,M,Married,1,Suburban
CUST0709,41,59886.07640007497,Others,F,Married,5,Rural
CUST0710,54,160793.70762699627,Professional,F,Married,5,Urban
CUST0711,53,84811.71460274463,Service,M,Married,2,Urban
CUST0712,22,79764.69485370582,Student,F,Single,1,Urban
CUST0713,41,85353.89784698586,Professional,Other,Married,1,Rural
CUST0714,33,127941.35963046314,Professional,M,Married,2,Suburban
CUST0715,44,173392.22560763024,Self-employed,M,Married,5,Suburban
CUST0716,39,78756.83978031592,Professional,F,Single,1,Urban
CUST0717,18,70028.03954517645,Student,F,Single,1,Suburban
CUST0718,30,127978.20981785956,Self-employed,M,Single,1,Suburban
CUST0719,37,50500.11320488858,Service,F,Single,1,Suburban
CUST0720,18,43435.21542990641,Student,F,Single,1,Suburban
CUST0721,41,61263.66195902335,Professional,F,Married,5,Urban
CUST0722,18,87507.02855644378,Student,F,Single,1,Urban
CUST0723,25,70019.66262862978,Student,M,Single,1,Urban
CUST0724,51,66733.22563637863,Service,F,Married,4,Urban
CUST0725,24,113974.05264315309,Service,F,Single,1,Urban
CUST0726,41,46702.44162311456,Self-employed,M,Single,1,Urban
CUST0727,18,48586.846651538646,Student,F,Single,1,Urban
CUST0728,59,85554.5524325075,Service,F,Married,2,Suburban
CUST0729,31,154235.20229988563,Professional,M,Single,1,Urban
CUST0730,36,58474.62184999103,Service,F,Single,1,Suburban
CUST0731,37,95383.847524092,Self-employed,M,Single,1,Urban
CUST0732,42,74723.32574642812,Service,M,Single,1,Suburban
CUST0733,18,41137.74966938836,Student,M,Single,1,Urban
CUST0734,34,92066.7092748986,Professional,M,Single,1,Suburban
CUST0735,27,61688.349590476624,Others,F,Single,1,Urban
CUST0736,18,51473.82084191247,Student,M,Single,1,Suburban
CUST0737,46,51206.816044800056,Self-employed,F,Married,2,Suburban
CUST0738,30,73719.5916211653,Professional,M,Single,1,Suburban
CUST0739,37,143867.14305313985,Self-employed,F,Single,1,Urban
CUST0740,37,59952.63233481292,Self-employed,F,Single,1,Suburban
CUST0741,30,47503.17417727453,Professional,F,Single,1,Urban
CUST0742,58,51615.50620939349,Professional,M,Married,1,Suburban
CUST0743,34,41554.138553965044,Self-employed,M,Married,1,Rural
CUST0744,18,60135.40407952886,Service,M,Single,1,Suburban
CUST0745,30,74026.46627528641,Professional,F,Single,1,Urban
CUST0746,40,92105.31117605187,Professional,F,Single,1,Urban
CUST0747,41,76207.30384143078,Self-employed,F,Single,1,Rural
CUST0748,21,70543.19584675047,Student,F,Single,1,Urban
CUST0749,46,154354.97233617585,Professional,M,Married,4,Suburban
CUST0750,18,107044.22293774622,Student,F,Single,1,Rural
CUST0751,48,137801.808203704,Professional,F,Married,3,Suburban
CUST0752,19,97985.65215854488,Student,F,Single,1,Urban
CUST0753,32,95692.58758257791,Professional,F,Single,1,Urban
CUST0754,47,48831.536963498,Professional,M,Married,3,Suburban
CUST0755,36,69209.54963153043,Professional,M,Single,1,Suburban
CUST0756,44,90642.18035294497,Professional,F,Single,1,Urban
CUST0757,42,57271.054985760515,Professional,F,Single,1,Urban
CUST0758,50,173003.9445456946,Professional,M,Single,1,Urban
CUST0759,47,72727.63494188391,Service,F,Married,3,Urban
CUST0760,29,40805.543542888736,Professional,M,Single,1,Suburban
CUST0761,42,68214.13378567269,Professional,F,Married,2,Suburban
CUST0762,18,75410.55225682515,Student,Other,Single,1,Urban
CUST0763,34,53391.455895731495,Student,F,Single,1,Suburban
CUST0764,44,76372.83675748717,Self-employed,F,Married,2,Rural
CUST0765,36,43715.15950325229,Self-employed,M,Married,5,Urban
CUST0766,40,65693.69255086033,Service,M,Single,1,Suburban
CUST0767,32,73236.811201271,Professional,F,Single,1,Rural
CUST0768,48,80656.87101064256,Others,M,Married,2,Urban
CUST0769,34,103953.76498504987,Student,M,Single,1,Urban
CUST0770,29,49137.83016846201,Professional,F,Single,1,Rural
CUST0771,45,94604.07024087357,Professional,M,Single,1,Urban
CUST0772,18,80253.02379820637,Student,F,Single,1,Urban
CUST0773,41,60184.62776791598,Professional,F,Single,1,Urban
CUST0774,22,47467.62574595686,Professional,F,Single,1,Urban
CUST0775,50,173693.77853665937,Professional,F,Single,1,Suburban
CUST0776,31,63920.236028911524,Others,F,Single,1,Suburban
CUST0777,36,89376.82254203978,Service,F,Single,1,Suburban
CUST0778,39,93512.1872934372,Professional,F,Married,2,Urban
CUST0779,18,38673.30001206896,Student,M,Single,1,Urban
CUST0780,27,75565.12443084926,Professional,F,Single,1,Suburban
CUST0781,47,88297.24787730376,Professional,F,Single,1,Urban
CUST0782,45,167279.042434726,Professional,M,Married,2,Suburban
CUST0783,38,81819.38481180993,Professional,M,Single,1,Urban
CUST0784,18,87298.27575627938,Student,F,Single,1,Suburban
CUST0785,42,111647.32710109786,Professional,M,Married,4,Urban
CUST0786,43,71962.94406347074,Others,F,Married,2,Urban
CUST0787,35,182828.64045089597,Self-employed,Other,Single,1,Urban
CUST0788,49,63119.994110559295,Others,M,Single,1,Urban
CUST0789,26,39717.3455133519,Professional,F,Single,1,Suburban
CUST0790,28,58008.92265583153,Professional,M,Single,1,Suburban
CUST0791,18,35309.77928944573,Student,F,Single,1,Rural
CUST0792,46,62942.107453003955,Professional,M,Single,1,Suburban
CUST0793,38,76936.8124571697,Student,F,Married,1,Rural
CUST0794,18,70274.25490126811,Professional,M,Single,1,Urban
CUST0795,18,54534.27485350523,Professional,M,Single,1,Urban
CUST0796,24,51428.16771752552,Student,M,Married,1,Suburban
CUST0797,44,66597.86679434705,Professional,M,Married,5,Suburban
CUST0798,31,90382.14219644068,Professional,F,Single,1,Urban
CUST0799,25,46268.373591543896,Student,M,Single,1,Rural
CUST0800,22,50487.956047241,Student,F,Single,1,Suburban
CUST0801,22,75689.24902681596,Student,F,Single,1,Rural
CUST0802,18,65971.85196865528,Student,F,Single,1,Rural
CUST0803,20,36991.07417591048,Others,F,Single,1,Urban
CUST0804,22,102603.36319100684,Student,F,Single,1,Urban
CUST0805,43,66684.13875573328,Self-employed,M,Single,1,Suburban
CUST0806,33,48286.45068469554,Professional,M,Single,1,Urban
CUST0807,25,41978.42812596834,Professional,F,Single,1,Suburban
CUST0808,62,145459.24259412335,Self-employed,F,Single,1,Suburban
CUST0809,27,36142.99356307957,Professional,Other,Single,1,Urban
CUST0810,49,100162.81655984986,Professional,M,Single,1,Suburban
CUST0811,54,124930.06392309332,Service,M,Single,1,Suburban
CUST0812,18,54256.039803401036,Professional,M,Single,1,Urban
CUST0813,35,145945.92153096126,Professional,F,Married,4,Urban
CUST0814,28,48437.75923738456,Professional,F,Single,1,Urban
CUST0815,27,86712.40911190376,Others,M,Married,1,Suburban
CUST0816,41,82537.85220551197,Professional,F,Single,1,Urban
CUST0817,27,144329.73507401848,Professional,F,Single,1,Suburban
CUST0818,29,63213.55648557561,Professional,F,Single,1,Urban
CUST0819,32,86806.63335691765,Service,M,Single,1,Urban
CUST0820,30,74582.28190643933,Others,F,Married,4,Urban
CUST0821,20,38202.0600814332,Student,F,Single,1,Suburban
CUST0822,44,76215.15918623775,Service,F,Single,1,Urban
CUST0823,47,65750.27577183543,Service,F,Married,4,Urban
CUST0824,39,81141.85837127855,Professional,M,Married,5,Urban
CUST0825,30,85922.09271977056,Professional,M,Single,1,Urban
CUST0826,26,120840.4823605792,Professional,F,Married,4,Urban
CUST0827,26,34837.44812964904,Others,M,Single,1,Rural
CUST0828,63,93669.49340537736,Self-employed,F,Married,2,Urban
CUST0829,46,51662.92563683049,Service,F,Single,1,Suburban
CUST0830,24,84690.0602608371,Student,F,Single,1,Suburban
CUST0831,36,190323.92987047523,Service,M,Married,4,Urban
CUST0832,30,62466.15954517558,Professional,M,Single,1,Suburban
CUST0833,42,58777.14332570019,Self-employed,F,Married,5,Suburban
CUST0834,41,65413.31840205576,Service,M,Married,5,Urban
CUST0835,48,52702.71869469051,Service,F,Married,5,Rural
CUST0836,24,32938.84065155651,Service,F,Single,1,Suburban
CUST0837,36,83993.70722690513,Professional,M,Married,1,Suburban
CUST0838,18,62167.2270835401,Professional,F,Single,1,Urban
CUST0839,19,47728.27750222985,Student,M,Single,1,Suburban
CUST0840,45,54426.96595194781,Professional,M,Single,1,Rural
CUST0841,23,94785.89886735918,Student,Other,Single,1,Urban
CUST0842,24,113720.4546261107,Student,Other,Single,1,Suburban
CUST0843,34,78239.97618993741,Professional,F,Single,1,Urban
CUST0844,43,42124.98529064055,Others,F,Married,2,Suburban
CUST0845,22,61236.90401195362,Student,F,Single,1,Urban
CUST0846,18,72713.9714483955,Professional,M,Single,1,Suburban
CUST0847,24,59813.20049740096,Student,M,Single,1,Urban
CUST0848,49,78179.40508611311,Professional,F,Single,1,Urban
CUST0849,39,59164.51733393579,Professional,M,Single,1,Rural
CUST0850,50,76014.79951720012,Others,F,Single,1,Suburban
CUST0851,21,96998.99534011469,Service,F,Single,1,Urban
CUST0852,18,68527.47075457925,Service,F,Single,1,Urban
CUST0853,40,62774.46606659666,Others,F,Married,1,Urban
CUST0854,37,67663.87905421597,Professional,M,Married,3,Urban
CUST0855,38,135311.40238661965,Professional,M,Single,1,Urban
CUST0856,46,55198.069277417475,Self-employed,F,Married,2,Suburban
CUST0857,40,59882.52172400377,Professional,F,Single,1,Urban
CUST0858,39,71862.42737294458,Professional,F,Single,1,Suburban
CUST0859,43,63037.72143002281,Professional,F,Single,1,Suburban
CUST0860,41,135594.33199674802,Self-employed,M,Single,1,Urban
CUST0861,45,122408.89109910844,Self-employed,F,Married,4,Urban
CUST0862,47,76186.7292060718,Professional,F,Single,1,Urban
CUST0863,53,209820.31935088077,Professional,M,Married,5,Urban
CUST0864,27,77533.46737745903,Professional,M,Single,1,Suburban
CUST0865,40,147650.344279299,Self-employed,F,Single,1,Urban
CUST0866,30,128507.53834425377,Professional,F,Single,1,Suburban
CUST0867,24,80028.32270113431,Self-employed,M,Single,1,Urban
CUST0868,26,45203.234765299065,Student,F,Single,1,Suburban
CUST0869,40,80008.59737757388,Professional,M,Single,1,Urban
CUST0870,40,59201.84489858924,Service,M,Single,1,Urban
CUST0871,39,96571.82977976296,Self-employed,F,Single,1,Urban
CUST0872,32,84327.42142564846,Professional,F,Married,3,Urban
CUST0873,35,81814.98922193756,Self-employed,F,Single,1,Suburban
CUST0874,44,112283.09741031677,Self-employed,M,Single,1,Suburban
CUST0875,18,72013.0693538377,Service,M,Single,1,Urban
CUST0876,35,72036.73248424762,Service,M,Single,1,Urban
CUST0877,36,48551.727874647644,Self-employed,M,Single,1,Urban
CUST0878,44,63272.77811656419,Professional,M,Single,1,Urban
CUST0879,18,43492.20505666567,Student,M,Single,1,Suburban
CUST0880,52,123198.83877282622,Professional,M,Single,1,Urban
CUST0881,37,71463.90238803104,Professional,M,Single,1,Urban
CUST0882,38,84175.5003716901,Self-employed,F,Single,1,Urban
CUST0883,30,59118.089177636415,Professional,M,Married,2,Urban
CUST0884,41,125614.55839993361,Professional,M,Married,1,Urban
CUST0885,35,95930.54811414318,Student,F,Single,1,Suburban
CUST0886,49,87681.74120338954,Professional,M,Married,5,Urban
CUST0887,18,61987.84084789627,Student,F,Single,1,Urban
CUST0888,37,55741.53576715953,Service,M,Single,1,Suburban
CUST0889,39,61098.708589615955,Professional,M,Single,1,Suburban
CUST0890,32,42991.36591716066,Self-employed,M,Single,1,Rural
CUST0891,30,92431.172164358,Others,M,Single,1,Suburban
CUST0892,30,96219.32035966798,Professional,F,Married,1,Urban
CUST0893,37,104635.87710819616,Professional,F,Single,1,Urban
CUST0894,18,44337.63279971163,Student,M,Single,1,Rural
CUST0895,46,150288.01994372872,Self-employed,M,Single,1,Urban
CUST0896,29,61951.34844418952,Professional,F,Married,2,Urban
CUST0897,36,92583.24805480229,Professional,M,Single,1,Suburban
CUST0898,39,49583.38248171594,Professional,F,Single,1,Suburban
CUST0899,28,114349.4155391806,Service,M,Single,1,Urban
CUST0900,33,97200.42889159221,Professional,F,Married,2,Urban
CUST0901,18,56342.333692597545,Student,M,Single,1,Suburban
CUST0902,43,66624.8694394637,Service,M,Single,1,Urban
CUST0903,47,108477.58039027112,Self-employed,F,Single,1,Suburban
CUST0904,18,103211.68275943756,Service,F,Single,1,Suburban
CUST0905,30,52400.08774250916,Self-employed,F,Single,1,Urban
CUST0906,20,62178.11885698226,Service,F,Single,1,Suburban
CUST0907,32,59680.57414576732,Professional,F,Married,3,Suburban
CUST0908,42,132519.12990099643,Service,M,Single,1,Urban
CUST0909,46,65104.30206138964,Others,F,Married,4,Suburban
CUST0910,48,54008.54464936779,Self-employed,M,Married,1,Rural
CUST0911,50,113371.84302598414,Professional,F,Married,3,Suburban
CUST0912,32,127583.65684703142,Professional,Other,Single,1,Suburban
CUST0913,21,85009.77288590184,Student,M,Single,1,Suburban
CUST0914,33,115210.16267035695,Professional,M,Single,1,Suburban
CUST0915,42,185064.67412837423,Professional,M,Single,1,Urban
CUST0916,20,135084.2671173387,Student,M,Single,1,Suburban
CUST0917,54,183984.50181472482,Self-employed,F,Married,5,Rural
CUST0918,45,67158.28262915746,Professional,M,Married,4,Suburban
CUST0919,32,97661.77775877691,Self-employed,M,Single,1,Urban
CUST0920,26,73368.37221441533,Student,F,Single,1,Urban
CUST0921,26,72824.50774185297,Student,F,Single,1,Urban
CUST0922,35,119684.24187662239,Professional,F,Married,3,Urban
CUST0923,32,91482.1576500473,Professional,F,Single,1,Rural
CUST0924,46,80019.69779803921,Professional,F,Single,1,Urban
CUST0925,30,55429.28514919128,Professional,Other,Single,1,Urban
CUST0926,41,99482.53320208531,Professional,F,Single,1,Rural
CUST0927,34,69465.77747252885,Service,F,Married,1,Urban
CUST0928,38,122632.63101563498,Professional,M,Married,2,Urban
CUST0929,32,114455.26619538284,Self-employed,M,Married,5,Urban
CUST0930,43,94812.25040759864,Self-employed,F,Married,1,Suburban
CUST0931,43,54811.54176621278,Service,F,Married,4,Urban
CUST0932,40,66740.74983943278,Others,F,Married,4,Rural
CUST0933,42,170553.16778478457,Professional,Other,Single,1,Urban
CUST0934,23,82933.95538978047,Student,F,Single,1,Urban
CUST0935,38,134443.29623201862,Service,F,Single,1,Urban
CUST0936,49,58362.65133830165,Professional,F,Single,1,Suburban
CUST0937,40,273176.90244716324,Self-employed,F,Single,1,Urban
CUST0938,22,37806.01457085594,Professional,M,Single,1,Urban
CUST0939,34,92762.93609669505,Self-employed,M,Single,1,Urban
CUST0940,39,43523.077406099335,Others,F,Married,2,Rural
CUST0941,25,108646.32940970082,Others,M,Single,1,Urban
CUST0942,18,46529.7465712501,Self-employed,F,Single,1,Suburban
CUST0943,31,67879.15448477608,Professional,M,Single,1,Suburban
CUST0944,26,78843.40849096494,Service,F,Single,1,Urban
CUST0945,34,103585.85655880657,Student,F,Single,1,Urban
CUST0946,18,59217.21846247202,Student,F,Single,1,Suburban
CUST0947,41,86018.34865214824,Service,M,Married,2,Urban
CUST0948,27,78187.54059425538,Professional,F,Single,1,Urban
CUST0949,46,84753.09470446083,Professional,F,Single,1,Urban
CUST0950,31,66979.27924622082,Professional,M,Single,1,Urban
CUST0951,34,61226.38724980961,Service,F,Single,1,Urban
CUST0952,32,83871.29034568452,Professional,M,Single,1,Urban
CUST0953,26,78071.88031527805,Self-employed,M,Married,5,Urban
CUST0954,64,72859.2742452599,Self-employed,M,Single,1,Suburban
CUST0955,29,65851.28201530216,Service,F,Single,1,Rural
CUST0956,47,46645.20307649838,Service,F,Single,1,Rural
CUST0957,21,59561.77218193109,Student,F,Single,1,Suburban
CUST0958,39,43882.6051411477,Professional,M,Single,1,Suburban
CUST0959,40,65101.41129458572,Professional,M,Single,1,Urban
CUST0960,34,50781.66955745568,Others,F,Single,1,Urban
CUST0961,28,52319.997477757504,Professional,F,Single,1,Urban
CUST0962,31,128239.92206934036,Others,F,Married,5,Suburban
CUST0963,30,47058.37903031781,Professional,M,Single,1,Urban
CUST0964,63,80539.36034098908,Service,M,Single,1,Urban
CUST0965,34,85031.57517376915,Service,F,Single,1,Rural
CUST0966,41,42675.77254818479,Self-employed,F,Single,1,Urban
CUST0967,56,83701.94001725088,Others,M,Married,2,Urban
CUST0968,24,74274.27763489744,Student,M,Single,1,Urban
CUST0969,35,50458.33185605647,Professional,F,Single,1,Suburban
CUST0970,31,43714.02595187277,Self-employed,M,Single,1,Suburban
CUST0971,33,101870.83639484523,Self-employed,F,Single,1,Urban
CUST0972,32,39641.451820765615,Professional,M,Single,1,Suburban
CUST0973,26,58773.96037828321,Professional,M,Single,1,Rural
CUST0974,37,49446.87631477778,Professional,Other,Married,2,Rural
CUST0975,22,33508.61580254943,Student,M,Single,1,Rural
CUST0976,46,132159.34941809645,Professional,F,Married,4,Suburban
CUST0977,42,105715.80867062886,Self-employed,F,Single,1,Urban
CUST0978,29,118371.10584297952,Service,M,Single,1,Urban
CUST0979,29,74831.85667779598,Professional,M,Single,1,Urban
CUST0980,38,49907.08787468011,Professional,F,Single,1,Urban
CUST0981,25,55904.9971870382,Professional,F,Single,1,Suburban
CUST0982,56,53322.651330969165,Professional,M,Married,2,Rural
CUST0983,39,69448.94043169254,Service,M,Married,3,Urban
CUST0984,39,120680.8508818737,Service,F,Married,1,Urban
CUST0985,43,66062.73595897513,Professional,F,Single,1,Urban
CUST0986,28,80828.54777872955,Service,F,Married,2,Rural
CUST0987,48,93085.25505809493,Service,M,Single,1,Urban
CUST0988,36,48010.00527683407,Service,F,Single,1,Rural
CUST0989,46,52633.77771719619,Professional,F,Single,1,Rural
CUST0990,32,95900.5629469134,Others,F,Single,1,Rural
CUST0991,50,60579.48034550645,Professional,F,Married,5,Suburban
CUST0992,39,91547.75686427378,Professional,F,Married,3,Suburban
CUST0993,61,65506.29728222995,Professional,F,Married,5,Urban
CUST0994,30,54206.28286246063,Professional,F,Single,1,Urban
CUST0995,37,89138.87132414212,Professional,M,Married,3,Urban
CUST0996,22,61140.16323062228,Student,M,Single,1,Urban
CUST0997,28,60948.47418956066,Professional,M,Single,1,Rural
CUST0998,42,54810.41890123783,Service,M,Single,1,Urban
CUST0999,48,87622.86354406596,Service,M,Married,2,Suburban
